RK,TIERS,PLAYER NAME,TEAM,BYE WEEK,SOS SEASON,ECR VS. ADP,Normalized Name_x,Mapped Name,Player,Team,Position,Value,Position Rank,Unnamed: 5,Normalized Name_y
1,1,Josh Allen,BUF,12,1 out of 5 stars,0,josh allen,josh allen,Josh Allen,BUF,QB,$35,QB2,,josh allen
2,1,Jalen Hurts,PHI,5,2 out of 5 stars,1,jalen hurts,jalen hurts,Jalen Hurts,PHI,QB,$35,QB1,,jalen hurts
3,1,Patrick Mahomes II,KC,6,3 out of 5 stars,-1,patrick mahomes,patrick mahomes,Patrick Mahomes,KC,QB,$26,QB4,,patrick mahomes
4,1,Lamar Jackson,BAL,14,4 out of 5 stars,0,lamar jackson,lamar jackson,Lamar Jackson,BAL,QB,$29,QB3,,lamar jackson
5,2,Anthony Richardson,IND,14,5 out of 5 stars,1,anthony richardson,anthony richardson,Anthony Richardson,IND,QB,$16,QB5,,anthony richardson
6,2,C.J. Stroud,HOU,14,2 out of 5 stars,-1,c.j. stroud,c.j. stroud,C.J. Stroud,HOU,QB,$12,QB6,,c.j. stroud
7,2,Kyler Murray,ARI,11,2 out of 5 stars,3,kyler murray,kyler murray,Kyler Murray,ARI,QB,$11,QB8,,kyler murray
8,2,Joe Burrow,CIN,12,2 out of 5 stars,-1,joe burrow,joe burrow,Joe Burrow,CIN,QB,$11,QB7,,joe burrow
9,2,Dak Prescott,DAL,7,2 out of 5 stars,-1,dak prescott,dak prescott,Dak Prescott,DAL,QB,$9,QB9,,dak prescott
10,3,Jordan Love,GB,10,5 out of 5 stars,-1,jordan love,jordan love,Jordan Love,GB,QB,$4,QB11,,jordan love
11,3,Brock Purdy,SF,9,2 out of 5 stars,0,brock purdy,brock purdy,Brock Purdy,SF,QB,$1,QB14,,brock purdy
12,3,Jayden Daniels,WAS,14,3 out of 5 stars,1,jayden daniels,jayden daniels,Jayden Daniels,WAS,QB,$5,QB10,,jayden daniels
13,3,Tua Tagovailoa,MIA,6,2 out of 5 stars,1,tua tagovailoa,tua tagovailoa,Tua Tagovailoa,MIA,QB,$1,QB15,,tua tagovailoa
14,3,Jared Goff,DET,5,4 out of 5 stars,-2,jared goff,jared goff,Jared Goff,DET,QB,$1,QB17,,jared goff
15,3,Caleb Williams,CHI,7,4 out of 5 stars,0,caleb williams,caleb williams,Caleb Williams,CHI,QB,$4,QB12,,caleb williams
16,3,Trevor Lawrence,JAC,12,5 out of 5 stars,1,trevor lawrence,trevor lawrence,Trevor Lawrence,JAX,QB,$1,QB13,,trevor lawrence
17,4,Justin Herbert,LAC,5,2 out of 5 stars,-1,justin herbert,justin herbert,Justin Herbert,LAC,QB,$1,QB18,,justin herbert
18,4,Kirk Cousins,ATL,12,3 out of 5 stars,1,kirk cousins,kirk cousins,Kirk Cousins,ATL,QB,$1,QB16,,kirk cousins
19,4,Matthew Stafford,LAR,6,4 out of 5 stars,2,matthew stafford,matthew stafford,Matthew Stafford,LAR,QB,$0,QB22,,matthew stafford
20,4,Aaron Rodgers,NYJ,12,2 out of 5 stars,-2,aaron rodgers,aaron rodgers,Aaron Rodgers,NYJ,QB,$0,QB20,,aaron rodgers
21,4,Deshaun Watson,CLE,10,4 out of 5 stars,2,deshaun watson,deshaun watson,Deshaun Watson,CLE,QB,$0,QB19,,deshaun watson
22,4,Baker Mayfield,TB,11,2 out of 5 stars,0,baker mayfield,baker mayfield,Baker Mayfield,TB,QB,$0,QB21,,baker mayfield
23,4,Geno Smith,SEA,10,3 out of 5 stars,3,geno smith,geno smith,Geno Smith,SEA,QB,$0,QB23,,geno smith
24,4,Will Levis,TEN,5,5 out of 5 stars,0,will levis,will levis,Will Levis,TEN,QB,$0,QB25,,will levis
25,4,Derek Carr,NO,12,4 out of 5 stars,7,derek carr,derek carr,Derek Carr,NO,QB,$0,QB24,,derek carr
26,5,Daniel Jones,NYG,11,2 out of 5 stars,5,daniel jones,daniel jones,,,,,,,
27,5,Bryce Young,CAR,11,5 out of 5 stars,2,bryce young,bryce young,,,,,,,
28,5,Russell Wilson,PIT,9,2 out of 5 stars,-1,russell wilson,russell wilson,,,,,,,
29,5,Bo Nix,DEN,14,2 out of 5 stars,-4,bo nix,bo nix,,,,,,,
30,5,J.J. McCarthy,MIN,6,5 out of 5 stars,-10,j.j. mccarthy,j.j. mccarthy,,,,,,,
31,5,Drake Maye,NE,14,3 out of 5 stars,-1,drake maye,drake maye,Drake Maye,NE,QB,$0,QB26,,drake maye
32,5,Justin Fields,PIT,9,2 out of 5 stars,-4,justin fields,justin fields,Justin Fields,PIT,QB,$0,QB27,,justin fields
33,5,Gardner Minshew II,LV,10,2 out of 5 stars,1,gardner minshew,gardner minshew,,,,,,,
34,5,Sam Darnold,MIN,6,5 out of 5 stars,1,sam darnold,sam darnold,,,,,,,
35,5,Aidan O'Connell,LV,10,2 out of 5 stars,1,aidan o'connell,aidan o'connell,,,,,,,
36,5,Jacoby Brissett,NE,14,3 out of 5 stars,1,jacoby brissett,jacoby brissett,,,,,,,
37,6,Michael Penix Jr.,ATL,12,3 out of 5 stars,-4,michael penix,michael penix,,,,,,,
38,6,Sam Howell,SEA,10,3 out of 5 stars,1,sam howell,sam howell,,,,,,,
39,6,Drew Lock,NYG,11,2 out of 5 stars,8,drew lock,drew lock,,,,,,,
40,6,Jameis Winston,CLE,10,4 out of 5 stars,8,jameis winston,jameis winston,,,,,,,
41,6,Joe Flacco,IND,14,5 out of 5 stars,-1,joe flacco,joe flacco,,,,,,,
42,6,Jake Browning,CIN,12,2 out of 5 stars,-1,jake browning,jake browning,,,,,,,
43,6,Kenny Pickett,PHI,5,2 out of 5 stars,-5,kenny pickett,kenny pickett,,,,,,,
44,6,Jarrett Stidham,DEN,14,2 out of 5 stars,19,jarrett stidham,jarrett stidham,,,,,,,
45,7,Joshua Dobbs,SF,9,2 out of 5 stars,-1,joshua dobbs,joshua dobbs,,,,,,,
46,7,Tyrod Taylor,NYJ,12,2 out of 5 stars,28,tyrod taylor,tyrod taylor,,,,,,,
47,7,Marcus Mariota,WAS,14,3 out of 5 stars,29,marcus mariota,marcus mariota,,,,,,,
48,7,Carson Wentz,KC,6,3 out of 5 stars,2,carson wentz,carson wentz,,,,,,,
49,7,Andy Dalton,CAR,11,5 out of 5 stars,28,andy dalton,andy dalton,,,,,,,
50,7,Mac Jones,JAC,12,5 out of 5 stars,8,mac jones,mac jones,,,,,,,
51,7,Desmond Ridder,ARI,11,2 out of 5 stars,15,desmond ridder,desmond ridder,,,,,,,
52,7,Zach Wilson,DEN,14,2 out of 5 stars,13,zach wilson,zach wilson,,,,,,,
53,7,Jimmy Garoppolo,LAR,6,4 out of 5 stars,9,jimmy garoppolo,jimmy garoppolo,,,,,,,
54,7,Mason Rudolph,TEN,5,5 out of 5 stars,25,mason rudolph,mason rudolph,,,,,,,
55,7,Josh Johnson,BAL,14,4 out of 5 stars,30,josh johnson,josh johnson,,,,,,,
56,7,Mike White,MIA,6,2 out of 5 stars,-4,mike white,mike white,,,,,,,
57,7,Tyson Bagent,CHI,7,4 out of 5 stars,3,tyson bagent,tyson bagent,,,,,,,
58,7,Hendon Hooker,DET,5,4 out of 5 stars,-13,hendon hooker,hendon hooker,,,,,,,
59,7,Spencer Rattler,NO,12,4 out of 5 stars,-16,spencer rattler,spencer rattler,,,,,,,
60,7,Cooper Rush,DAL,7,2 out of 5 stars,1,cooper rush,cooper rush,,,,,,,
61,7,Easton Stick,LAC,5,2 out of 5 stars,8,easton stick,easton stick,,,,,,,
62,7,Malik Willis,TEN,5,5 out of 5 stars,56,malik willis,malik willis,,,,,,,
63,7,Kyle Trask,TB,11,2 out of 5 stars,34,kyle trask,kyle trask,,,,,,,
64,7,Mitchell Trubisky,BUF,12,1 out of 5 stars,26,mitchell trubisky,mitchell trubisky,,,,,,,
65,7,Trey Lance,DAL,7,2 out of 5 stars,-14,trey lance,trey lance,,,,,,,
66,7,Davis Mills,HOU,14,2 out of 5 stars,29,davis mills,davis mills,,,,,,,
67,7,Tyler Huntley,CLE,10,4 out of 5 stars,15,tyler huntley,tyler huntley,,,,,,,
68,8,Sean Clifford,GB,10,5 out of 5 stars,7,sean clifford,sean clifford,,,,,,,
69,8,Stetson Bennett,LAR,6,4 out of 5 stars,3,stetson bennett,stetson bennett,,,,,,,
70,8,Taylor Heinicke,ATL,12,3 out of 5 stars,17,taylor heinicke,taylor heinicke,,,,,,,
71,8,Joe Milton III,NE,14,3 out of 5 stars,-4,joe milton,joe milton,,,,,,,
72,8,Dorian Thompson-Robinson,CLE,10,4 out of 5 stars,12,dorian thompson-robinson,dorian thompson-robinson,,,,,,,
73,8,Nick Mullens,MIN,6,5 out of 5 stars,38,nick mullens,nick mullens,,,,,,,
74,8,Bailey Zappe,NE,14,3 out of 5 stars,-1,bailey zappe,bailey zappe,,,,,,,
75,8,Jake Haener,NO,12,4 out of 5 stars,45,jake haener,jake haener,,,,,,,
76,8,Michael Pratt,GB,10,5 out of 5 stars,48,michael pratt,michael pratt,,,,,,,
77,8,Case Keenum,HOU,14,2 out of 5 stars,9,case keenum,case keenum,,,,,,,
78,8,Clayton Tune,ARI,11,2 out of 5 stars,25,clayton tune,clayton tune,,,,,,,
79,8,Skylar Thompson,MIA,6,2 out of 5 stars,19,skylar thompson,skylar thompson,,,,,,,
80,8,Ryan Tannehill,FA,-,-,29,ryan tannehill,ryan tannehill,,,,,,,
81,8,Jaren Hall,MIN,6,5 out of 5 stars,21,jaren hall,jaren hall,,,,,,,
82,8,C.J. Beathard,JAC,12,5 out of 5 stars,7,c.j. beathard,c.j. beathard,,,,,,,
83,8,Devin Leary,BAL,14,4 out of 5 stars,40,devin leary,devin leary,,,,,,,
84,8,Brandon Allen,SF,9,2 out of 5 stars,-6,brandon allen,brandon allen,Braelon Allen,,,$1,RB58,,
85,8,Tommy DeVito,NYG,11,2 out of 5 stars,-17,tommy devito,tommy devito,,,,,,,
86,8,Jordan Travis,NYJ,12,2 out of 5 stars,-33,jordan travis,jordan travis,,,,,,,
87,9,Brett Rypien,CHI,7,4 out of 5 stars,-6,brett rypien,brett rypien,,,,,,,
88,9,Nate Sudfeld,DET,5,4 out of 5 stars,22,nate sudfeld,nate sudfeld,,,,,,,
89,9,Kyle Allen,PIT,9,2 out of 5 stars,-25,kyle allen,kyle allen,,,,,,,
90,9,Tanner McKee,PHI,5,2 out of 5 stars,31,tanner mckee,tanner mckee,,,,,,,
91,9,P.J. Walker,SEA,10,3 out of 5 stars,1,p.j. walker,p.j. walker,,,,,,,
92,9,Max Duggan,LAC,5,2 out of 5 stars,30,max duggan,max duggan,,,,,,,
93,9,Tim Boyle,HOU,14,2 out of 5 stars,20,tim boyle,tim boyle,,,,,,,
1,1,Christian McCaffrey,SF,9,2 out of 5 stars,0,christian mccaffrey,christian mccaffrey,Christian McCaffrey,SF,RB,$93,RB1,,christian mccaffrey
2,1,Bijan Robinson,ATL,12,4 out of 5 stars,+1,bijan robinson,bijan robinson,Bijan Robinson,ATL,RB,$65,RB2,,bijan robinson
3,1,Breece Hall,NYJ,12,2 out of 5 stars,-1,breece hall,breece hall,Breece Hall,NYJ,RB,$62,RB3,,breece hall
4,2,Jonathan Taylor,IND,14,2 out of 5 stars,0,jonathan taylor,jonathan taylor,Jonathan Taylor,IND,RB,$48,RB4,,jonathan taylor
5,2,Jahmyr Gibbs,DET,5,3 out of 5 stars,+1,jahmyr gibbs,jahmyr gibbs,Jahmyr Gibbs,DET,RB,$47,RB5,,jahmyr gibbs
6,2,Saquon Barkley,PHI,5,4 out of 5 stars,-1,saquon barkley,saquon barkley,Saquon Barkley,PHI,RB,$41,RB7,,saquon barkley
7,2,Derrick Henry,BAL,14,3 out of 5 stars,+3,derrick henry,derrick henry,Derrick Henry,BAL,RB,$43,RB6,,derrick henry
8,2,Kyren Williams,LAR,6,3 out of 5 stars,-1,kyren williams,kyren williams,Kyren Williams,LAR,RB,$40,RB8,,kyren williams
9,2,Travis Etienne Jr.,JAC,12,2 out of 5 stars,-1,travis etienne,travis etienne,Travis Etienne,JAX,RB,$31,RB11,,travis etienne
10,3,Isiah Pacheco,KC,6,3 out of 5 stars,+2,isiah pacheco,isiah pacheco,Isiah Pacheco,KC,RB,$33,RB10,,isiah pacheco
11,3,De'Von Achane,MIA,6,3 out of 5 stars,-2,de'von achane,de'von achane,De'Von Achane,MIA,RB,$39,RB9,,de'von achane
12,3,Joe Mixon,HOU,14,3 out of 5 stars,+4,joe mixon,joe mixon,Joe Mixon,HOU,RB,$26,RB14,,joe mixon
13,3,Josh Jacobs,GB,10,1 out of 5 stars,-2,josh jacobs,josh jacobs,Josh Jacobs,GB,RB,$31,RB12,,josh jacobs
14,3,Kenneth Walker III,SEA,10,4 out of 5 stars,+1,kenneth walker,kenneth walker,Kenneth Walker,SEA,RB,$25,RB15,,kenneth walker
15,3,James Cook,BUF,12,2 out of 5 stars,-1,james cook,james cook,James Cook,BUF,RB,$26,RB13,,james cook
16,3,Rachaad White,TB,11,5 out of 5 stars,-3,rachaad white,rachaad white,Rachaad White,TB,RB,$22,RB17,,rachaad white
17,4,David Montgomery,DET,5,3 out of 5 stars,+5,david montgomery,david montgomery,David Montgomery,DET,RB,$23,RB16,,david montgomery
18,4,James Conner,ARI,11,2 out of 5 stars,0,james conner,james conner,James Conner,ARI,RB,$14,RB19,,james conner
19,4,Alvin Kamara,NO,12,5 out of 5 stars,-2,alvin kamara,alvin kamara,Alvin Kamara,NO,RB,$7,RB27,,alvin kamara
20,4,Rhamondre Stevenson,NE,14,2 out of 5 stars,+4,rhamondre stevenson,rhamondre stevenson,Rhamondre Stevenson,NE,RB,$11,RB22,,rhamondre stevenson
21,4,Aaron Jones,MIN,6,3 out of 5 stars,-2,aaron jones,aaron jones,Aaron Jones,MIN,RB,$10,RB24,,aaron jones
22,4,Najee Harris,PIT,9,4 out of 5 stars,+3,najee harris,najee harris,Najee Harris,PIT,RB,$18,RB18,,najee harris
23,4,Zamir White,LV,10,3 out of 5 stars,-2,zamir white,zamir white,Zamir White,LV,RB,$13,RB20,,zamir white
24,4,Raheem Mostert,MIA,6,3 out of 5 stars,-1,raheem mostert,raheem mostert,Raheem Mostert,MIA,RB,$12,RB21,,raheem mostert
25,5,D'Andre Swift,CHI,7,2 out of 5 stars,-5,d'andre swift,d'andre swift,D'Andre Swift,CHI,RB,$11,RB23,,d'andre swift
26,5,Brian Robinson Jr.,WAS,14,3 out of 5 stars,+6,brian robinson,brian robinson,Brian Robinson,WAS,RB,$5,RB29,,brian robinson
27,5,Tony Pollard,TEN,5,3 out of 5 stars,+1,tony pollard,tony pollard,Tony Pollard,TEN,RB,$4,RB31,,tony pollard
28,5,Zack Moss,CIN,12,3 out of 5 stars,-2,zack moss,zack moss,Zack Moss,CIN,RB,$5,RB30,,zack moss
29,5,Devin Singletary,NYG,11,3 out of 5 stars,+5,devin singletary,devin singletary,Devin Singletary,NYG,RB,$7,RB26,,devin singletary
30,5,Jaylen Warren,PIT,9,4 out of 5 stars,+1,jaylen warren,jaylen warren,Jaylen Warren,PIT,RB,$10,RB25,,jaylen warren
31,5,Javonte Williams,DEN,14,4 out of 5 stars,+2,javonte williams,javonte williams,Javonte Williams,DEN,RB,$2,RB36,,javonte williams
32,5,Gus Edwards,LAC,5,4 out of 5 stars,+5,gus edwards,gus edwards,Gus Edwards,LAC,RB,$3,RB32,,gus edwards
33,5,Jonathon Brooks,CAR,11,4 out of 5 stars,-4,jonathon brooks,jonathon brooks,Jonathon Brooks,CAR,RB,$6,RB28,,jonathon brooks
34,5,Nick Chubb,CLE,10,4 out of 5 stars,-4,nick chubb,nick chubb,Nick Chubb,CLE,RB,$1,RB42,,nick chubb
35,5,Tyjae Spears,TEN,5,3 out of 5 stars,0,tyjae spears,tyjae spears,Tyjae Spears,TEN,RB,$2,RB37,,tyjae spears
36,5,Chase Brown,CIN,12,3 out of 5 stars,+2,chase brown,chase brown,Chase Brown,CIN,RB,$2,RB33,,chase brown
37,5,Ezekiel Elliott,DAL,7,3 out of 5 stars,+2,ezekiel elliott,ezekiel elliott,Ezekiel Elliott,DAL,RB,$2,RB40,,ezekiel elliott
38,6,Austin Ekeler,WAS,14,3 out of 5 stars,-11,austin ekeler,austin ekeler,Austin Ekeler,WAS,RB,$1,RB41,,austin ekeler
39,6,Jerome Ford,CLE,10,4 out of 5 stars,+3,jerome ford,jerome ford,Jerome Ford,CLE,RB,$2,RB35,,jerome ford
40,6,Trey Benson,ARI,11,2 out of 5 stars,-4,trey benson,trey benson,Trey Benson,ARI,RB,$1,RB34,,trey benson
41,6,Blake Corum,LAR,6,3 out of 5 stars,-1,blake corum,blake corum,Blake Corum,LAR,RB,$2,RB38,,blake corum
42,6,Zach Charbonnet,SEA,10,4 out of 5 stars,+1,zach charbonnet,zach charbonnet,Zach Charbonnet,SEA,RB,$1,RB43,,zach charbonnet
43,6,Chuba Hubbard,CAR,11,4 out of 5 stars,+1,chuba hubbard,chuba hubbard,Chuba Hubbard,CAR,RB,$1,RB47,,chuba hubbard
44,6,Rico Dowdle,DAL,7,3 out of 5 stars,+3,rico dowdle,rico dowdle,Rico Dowdle,DAL,RB,$1,RB39,,rico dowdle
45,6,Ty Chandler,MIN,6,3 out of 5 stars,+3,ty chandler,ty chandler,Ty Chandler,MIN,RB,$1,RB45,,ty chandler
46,6,Tyler Allgeier,ATL,12,4 out of 5 stars,+3,tyler allgeier,tyler allgeier,Tyler Allgeier,ATL,RB,$1,RB46,,tyler allgeier
47,6,Jaleel McLaughlin,DEN,14,4 out of 5 stars,+5,jaleel mclaughlin,jaleel mclaughlin,Jaleel McLaughlin,DEN,RB,$1,RB56,,jaleel mclaughlin
48,6,MarShawn Lloyd,GB,10,1 out of 5 stars,-2,marshawn lloyd,marshawn lloyd,Marshawn Lloyd,GB,RB,$1,RB44,,marshawn lloyd
49,6,Antonio Gibson,NE,14,2 out of 5 stars,+1,antonio gibson,antonio gibson,Antonio Gibson,NE,RB,$1,RB50,,antonio gibson
50,6,Kendre Miller,NO,12,5 out of 5 stars,+1,kendre miller,kendre miller,Kendre Miller,NO,RB,$1,RB57,,kendre miller
51,7,J.K. Dobbins,LAC,5,4 out of 5 stars,-10,j.k. dobbins,j.k. dobbins,J.K. Dobbins,LAC,RB,$1,RB55,,j.k. dobbins
52,7,Khalil Herbert,CHI,7,2 out of 5 stars,+8,khalil herbert,khalil herbert,Khalil Herbert,CHI,RB,$1,RB49,,khalil herbert
53,7,Ray Davis,BUF,12,2 out of 5 stars,+3,ray davis,ray davis,Ray Davis,BUF,RB,$1,RB48,,ray davis
54,7,Elijah Mitchell,SF,9,2 out of 5 stars,+4,elijah mitchell,elijah mitchell,Elijah Mitchell,SF,RB,$1,RB53,,elijah mitchell
55,7,Roschon Johnson,CHI,7,2 out of 5 stars,+4,roschon johnson,roschon johnson,Roschon Johnson,CHI,RB,$0,RB61,,roschon johnson
56,7,Jaylen Wright,MIA,6,3 out of 5 stars,-11,jaylen wright,jaylen wright,Jaylen Wright,MIA,RB,$1,RB54,,jaylen wright
57,7,Dameon Pierce,HOU,14,3 out of 5 stars,+7,dameon pierce,dameon pierce,Dameon Pierce,HOU,RB,$0,RB59,,dameon pierce
58,7,Audric Estime,DEN,14,4 out of 5 stars,+7,audric estime,audric estime,Audric Estime,DEN,RB,$0,RB60,,audric estime
59,7,Bucky Irving,TB,11,5 out of 5 stars,-5,bucky irving,bucky irving,Bucky Irving,TB,RB,$1,RB52,,bucky irving
60,7,D'Onta Foreman,CLE,10,4 out of 5 stars,+1,d'onta foreman,d'onta foreman,D'Onta Foreman,CLE,RB,$0,RB65,,d'onta foreman
61,7,Alexander Mattison,LV,10,3 out of 5 stars,+5,alexander mattison,alexander mattison,Alexander Mattison,LV,RB,$0,RB71,,alexander mattison
62,7,Keaton Mitchell,BAL,14,3 out of 5 stars,+1,keaton mitchell,keaton mitchell,Keaton Mitchell,BAL,RB,$0,RB69,,keaton mitchell
63,7,AJ Dillon,GB,10,1 out of 5 stars,+9,aj dillon,aj dillon,,,,,,,
64,7,Braelon Allen,NYJ,12,2 out of 5 stars,-7,braelon allen,braelon allen,Braelon Allen,NYJ,RB,$1,RB58,,braelon allen
65,7,Kenneth Gainwell,PHI,5,4 out of 5 stars,+5,kenneth gainwell,kenneth gainwell,Kenneth Gainwell,PHI,RB,$0,RB70,,kenneth gainwell
66,7,Tank Bigsby,JAC,12,2 out of 5 stars,+3,tank bigsby,tank bigsby,Tank Bigsby,JAX,RB,$0,RB63,,tank bigsby
67,7,Clyde Edwards-Helaire,KC,6,3 out of 5 stars,-5,clyde edwards-helaire,clyde edwards-helaire,Clyde Edwards-Helaire,KC,RB,$0,RB67,,clyde edwards-helaire
68,7,Kimani Vidal,LAC,5,4 out of 5 stars,-15,kimani vidal,kimani vidal,Kimani Vidal,LAC,RB,$1,RB51,,kimani vidal
69,7,Miles Sanders,CAR,11,4 out of 5 stars,+2,miles sanders,miles sanders,,,,,,,
70,7,Justice Hill,BAL,14,3 out of 5 stars,+5,justice hill,justice hill,,,,,,,
71,7,Jamaal Williams,NO,12,5 out of 5 stars,+6,jamaal williams,jamaal williams,Jamaal Williams,NO,RB,$0,RB72,,jamaal williams
72,8,Tyrone Tracy Jr.,NYG,11,3 out of 5 stars,-17,tyrone tracy,tyrone tracy,Tyrone Tracy,NYG,RB,$0,RB66,,tyrone tracy
73,8,Will Shipley,PHI,5,4 out of 5 stars,-6,will shipley,will shipley,Will Shipley,PHI,RB,$0,RB68,,will shipley
74,8,Samaje Perine,DEN,14,4 out of 5 stars,0,samaje perine,samaje perine,,,,,,,
75,8,Jordan Mason,SF,9,2 out of 5 stars,+13,jordan mason,jordan mason,Jordan Mason,SF,RB,$0,RB62,,jordan mason
76,8,Trey Sermon,IND,14,2 out of 5 stars,+2,trey sermon,trey sermon,Trey Sermon,IND,RB,$0,RB64,,trey sermon
77,8,Evan Hull,IND,14,2 out of 5 stars,+4,evan hull,evan hull,,,,,,,
78,8,Dylan Laube,LV,10,3 out of 5 stars,-5,dylan laube,dylan laube,Dylan Laube,LV,RB,$0,RB73,,dylan laube
79,8,Isaac Guerendo,SF,9,2 out of 5 stars,-11,isaac guerendo,isaac guerendo,,,,,,,
80,8,Deuce Vaughn,DAL,7,3 out of 5 stars,0,deuce vaughn,deuce vaughn,,,,,,,
81,8,Chris Rodriguez Jr.,WAS,14,3 out of 5 stars,+14,chris rodriguez,chris rodriguez,,,,,,,
82,8,Michael Carter,ARI,11,2 out of 5 stars,-,michael carter,michael carter,,,,,,,
83,8,Jeff Wilson Jr.,MIA,6,3 out of 5 stars,-,jeff wilson,jeff wilson,,,,,,,
84,8,D'Ernest Johnson,JAC,12,2 out of 5 stars,-,d'ernest johnson,d'ernest johnson,,,,,,,
85,8,Pierre Strong Jr.,CLE,10,4 out of 5 stars,-,pierre strong,pierre strong,,,,,,,
86,8,Israel Abanikanda,NYJ,12,2 out of 5 stars,+4,israel abanikanda,israel abanikanda,,,,,,,
87,8,Cordarrelle Patterson,PIT,9,4 out of 5 stars,-,cordarrelle patterson,cordarrelle patterson,,,,,,,
88,8,Eric Gray,NYG,11,3 out of 5 stars,+3,eric gray,eric gray,,,,,,,
89,9,Chase Edmonds,TB,11,5 out of 5 stars,-,chase edmonds,chase edmonds,,,,,,,
90,9,Emari Demercado,ARI,11,2 out of 5 stars,+6,emari demercado,emari demercado,,,,,,,
91,9,Cam Akers,HOU,14,3 out of 5 stars,+6,cam akers,cam akers,,,,,,,
92,9,Ronnie Rivers,LAR,6,3 out of 5 stars,-,ronnie rivers,ronnie rivers,,,,,,,
93,9,Isaiah Spiller,LAC,5,4 out of 5 stars,+5,isaiah spiller,isaiah spiller,,,,,,,
94,9,Kareem Hunt,FA,-,-,-18,kareem hunt,kareem hunt,,,,,,,
95,9,Jerick McKinnon,FA,-,-,-6,jerick mckinnon,jerick mckinnon,,,,,,,
96,9,Rasheen Ali,BAL,14,3 out of 5 stars,-17,rasheen ali,rasheen ali,,,,,,,
97,9,Deneric Prince,KC,6,3 out of 5 stars,-12,deneric prince,deneric prince,,,,,,,
98,9,Dalvin Cook,FA,-,-,-11,dalvin cook,dalvin cook,,,,,,,
99,9,Salvon Ahmed,MIA,6,3 out of 5 stars,-,salvon ahmed,salvon ahmed,,,,,,,
100,9,Royce Freeman,DAL,7,3 out of 5 stars,-14,royce freeman,royce freeman,,,,,,,
101,9,Joshua Kelley,FA,-,-,-,joshua kelley,joshua kelley,,,,,,,
102,9,Matt Breida,SF,9,2 out of 5 stars,-,matt breida,matt breida,,,,,,,
103,9,Jawhar Jordan,HOU,14,3 out of 5 stars,-2,jawhar jordan,jawhar jordan,,,,,,,
104,10,Ty Johnson,BUF,12,2 out of 5 stars,-,ty johnson,ty johnson,,,,,,,
105,10,Isaiah Davis,NYJ,12,2 out of 5 stars,-12,isaiah davis,isaiah davis,,,,,,,
106,10,Craig Reynolds,DET,5,3 out of 5 stars,-,craig reynolds,craig reynolds,,,,,,,
107,10,Keaontay Ingram,KC,6,3 out of 5 stars,-,keaontay ingram,keaontay ingram,,,,,,,
108,10,Latavius Murray,FA,-,-,-,latavius murray,latavius murray,,,,,,,
109,10,Nyheim Hines,CLE,10,4 out of 5 stars,-,nyheim hines,nyheim hines,,,,,,,
110,10,Kenny McIntosh,SEA,10,4 out of 5 stars,-,kenny mcintosh,kenny mcintosh,,,,,,,
111,10,Sean Tucker,TB,11,5 out of 5 stars,-,sean tucker,sean tucker,,,,,,,
112,10,Ameer Abdullah,LV,10,3 out of 5 stars,-,ameer abdullah,ameer abdullah,,,,,,,
113,10,Blake Watson,DEN,14,4 out of 5 stars,-14,blake watson,blake watson,,,,,,,
114,10,Jase McClellan,ATL,12,4 out of 5 stars,-14,jase mcclellan,jase mcclellan,,,,,,,
115,10,Kevin Harris,NE,14,2 out of 5 stars,-,kevin harris,kevin harris,,,,,,,
116,10,Trayveon Williams,CIN,12,3 out of 5 stars,-,trayveon williams,trayveon williams,,,,,,,
117,10,Frank Gore Jr.,BUF,12,2 out of 5 stars,-25,frank gore,frank gore,,,,,,,
118,10,Zach Evans,LAR,6,3 out of 5 stars,-,zach evans,zach evans,,,,,,,
119,10,Malik Davis,DAL,7,3 out of 5 stars,-,malik davis,malik davis,,,,,,,
120,10,Boston Scott,LAR,6,3 out of 5 stars,-,boston scott,boston scott,,,,,,,
121,10,Kyle Juszczyk,SF,9,2 out of 5 stars,-,kyle juszczyk,kyle juszczyk,,,,,,,
122,10,Jaret Patterson,LAC,5,4 out of 5 stars,-,jaret patterson,jaret patterson,,,,,,,
123,10,DeeJay Dallas,ARI,11,2 out of 5 stars,-,deejay dallas,deejay dallas,,,,,,,
124,10,Kene Nwangwu,MIN,6,3 out of 5 stars,-,kene nwangwu,kene nwangwu,,,,,,,
125,10,Cody Schrader,SF,9,2 out of 5 stars,-20,cody schrader,cody schrader,,,,,,,
126,10,Raheem Blackshear,CAR,11,4 out of 5 stars,-,raheem blackshear,raheem blackshear,,,,,,,
127,11,Keilan Robinson,JAC,12,2 out of 5 stars,-,keilan robinson,keilan robinson,,,,,,,
128,11,Daijun Edwards,PIT,9,4 out of 5 stars,-,daijun edwards,daijun edwards,,,,,,,
129,11,Kendall Milton,PHI,5,4 out of 5 stars,-,kendall milton,kendall milton,,,,,,,
130,11,Tyler Goodson,IND,14,2 out of 5 stars,-,tyler goodson,tyler goodson,,,,,,,
131,11,Chris Brooks,MIA,6,3 out of 5 stars,-,chris brooks,chris brooks,,,,,,,
132,11,Chris Evans,CIN,12,3 out of 5 stars,-,chris evans,chris evans,,,,,,,
133,11,Emanuel Wilson,GB,10,1 out of 5 stars,-,emanuel wilson,emanuel wilson,,,,,,,
134,11,Patrick Taylor Jr.,SF,9,2 out of 5 stars,-,patrick taylor,patrick taylor,,,,,,,
135,11,Michael Wiley,WAS,14,3 out of 5 stars,-,michael wiley,michael wiley,,,,,,,
136,11,Leonard Fournette,FA,-,-,-,leonard fournette,leonard fournette,,,,,,,
137,11,Dillon Johnson,CAR,11,4 out of 5 stars,-33,dillon johnson,dillon johnson,,,,,,,
138,11,Louis Rees-Zammit,KC,6,3 out of 5 stars,-44,louis rees-zammit,louis rees-zammit,,,,,,,
139,11,Hassan Haskins,TEN,5,3 out of 5 stars,-,hassan haskins,hassan haskins,,,,,,,
140,11,Emani Bailey,KC,6,3 out of 5 stars,-37,emani bailey,emani bailey,,,,,,,
141,11,Gary Brightwell,JAC,12,2 out of 5 stars,-,gary brightwell,gary brightwell,,,,,,,
142,11,Dare Ogunbowale,HOU,14,3 out of 5 stars,-,dare ogunbowale,dare ogunbowale,,,,,,,
143,11,Myles Gaskin,MIN,6,3 out of 5 stars,-,myles gaskin,myles gaskin,,,,,,,
144,11,Zonovan Knight,DET,5,3 out of 5 stars,-,zonovan knight,zonovan knight,,,,,,,
145,11,Darrell Henderson Jr.,FA,-,-,-,darrell henderson,darrell henderson,,,,,,,
146,11,Avery Williams,ATL,12,4 out of 5 stars,-,avery williams,avery williams,,,,,,,
147,11,La'Mical Perine,PIT,9,4 out of 5 stars,-,la'mical perine,la'mical perine,,,,,,,
148,11,DeWayne McBride,MIN,6,3 out of 5 stars,-,dewayne mcbride,dewayne mcbride,,,,,,,
149,11,Sione Vaki,DET,5,3 out of 5 stars,-47,sione vaki,sione vaki,,,,,,,
150,11,Ke'Shawn Vaughn,SF,9,2 out of 5 stars,-,ke'shawn vaughn,ke'shawn vaughn,,,,,,,
151,11,JaMycal Hasty,NE,14,2 out of 5 stars,-,jamycal hasty,jamycal hasty,,,,,,,
152,11,James Robinson,NO,12,5 out of 5 stars,-,james robinson,james robinson,,,,,,,
153,11,Julius Chestnut,TEN,5,3 out of 5 stars,-,julius chestnut,julius chestnut,,,,,,,
154,11,Carson Steele,KC,6,3 out of 5 stars,-,carson steele,carson steele,,,,,,,
155,11,Hunter Luepke,DAL,7,3 out of 5 stars,-,hunter luepke,hunter luepke,,,,,,,
156,11,Tyrion Davis-Price,PHI,5,4 out of 5 stars,-,tyrion davis-price,tyrion davis-price,,,,,,,
157,11,Deon Jackson,NYJ,12,2 out of 5 stars,-,deon jackson,deon jackson,,,,,,,
158,11,Darrynton Evans,BUF,12,2 out of 5 stars,-,darrynton evans,darrynton evans,,,,,,,
159,11,Melvin Gordon III,FA,-,-,-,melvin gordon,melvin gordon,,,,,,,
160,11,Mike Boone,CAR,11,4 out of 5 stars,-,mike boone,mike boone,,,,,,,
161,11,Tony Jones Jr.,ARI,11,2 out of 5 stars,-,tony jones,tony jones,,,,,,,
162,12,Donovan Edwards,FA,-,-,-,donovan edwards,donovan edwards,,,,,,,
163,12,Alec Ingold,MIA,6,3 out of 5 stars,-,alec ingold,alec ingold,,,,,,,
164,12,Patrick Ricard,BAL,14,3 out of 5 stars,-,patrick ricard,patrick ricard,,,,,,,
165,12,Ronald Jones II,FA,-,-,-,ronald jones,ronald jones,,,,,,,
166,12,Nick Bawden,FA,-,-,-,nick bawden,nick bawden,,,,,,,
167,12,Elijah Dotson,LAC,5,4 out of 5 stars,-,elijah dotson,elijah dotson,,,,,,,
168,12,Jashaun Corbin,NYG,11,3 out of 5 stars,-,jashaun corbin,jashaun corbin,,,,,,,
169,12,C.J. Ham,MIN,6,3 out of 5 stars,-,c.j. ham,c.j. ham,,,,,,,
170,12,Jonathan Ward,PIT,9,4 out of 5 stars,-,jonathan ward,jonathan ward,,,,,,,
171,12,Brandon Bolden,FA,-,-,-,brandon bolden,brandon bolden,,,,,,,
172,12,Reggie Gilliam,BUF,12,2 out of 5 stars,-,reggie gilliam,reggie gilliam,,,,,,,
173,12,Brandon Johnson,FA,-,-,-,brandon johnson,brandon johnson,,,,,,,
174,12,Michael Burton,DEN,14,4 out of 5 stars,-,michael burton,michael burton,,,,,,,
175,12,Kenyan Drake,FA,-,-,-,kenyan drake,kenyan drake,,,,,,,
1,1,CeeDee Lamb,DAL,7,3 out of 5 stars,0,ceedee lamb,ceedee lamb,CeeDee Lamb,DAL,WR,$72,WR1,,ceedee lamb
2,1,Tyreek Hill,MIA,6,2 out of 5 stars,0,tyreek hill,tyreek hill,Tyreek Hill,MIA,WR,$64,WR2,,tyreek hill
3,1,Ja'Marr Chase,CIN,12,2 out of 5 stars,+2,ja'marr chase,ja'marr chase,Ja'Marr Chase,CIN,WR,$61,WR3,,ja'marr chase
4,1,Justin Jefferson,MIN,6,3 out of 5 stars,-1,justin jefferson,justin jefferson,Justin Jefferson,MIN,WR,$56,WR4,,justin jefferson
5,1,Amon-Ra St. Brown,DET,5,4 out of 5 stars,-1,amon-ra st. brown,amon-ra st. brown,Amon-Ra St. Brown,DET,WR,$50,WR5,,amon-ra st. brown
6,2,A.J. Brown,PHI,5,2 out of 5 stars,0,a.j. brown,a.j. brown,A.J. Brown,PHI,WR,$47,WR6,,a.j. brown
7,2,Garrett Wilson,NYJ,12,4 out of 5 stars,+1,garrett wilson,garrett wilson,Garrett Wilson,NYJ,WR,$45,WR8,,garrett wilson
8,2,Puka Nacua,LAR,6,3 out of 5 stars,-1,puka nacua,puka nacua,Puka Nacua,LAR,WR,$46,WR7,,puka nacua
9,2,Deebo Samuel Sr.,SF,9,2 out of 5 stars,+2,deebo samuel,deebo samuel,Deebo Samuel,SF,WR,$34,WR11,,deebo samuel
10,3,Mike Evans,TB,11,3 out of 5 stars,+6,mike evans,mike evans,Mike Evans,TB,WR,$32,WR12,,mike evans
11,3,Marvin Harrison Jr.,ARI,11,3 out of 5 stars,-2,marvin harrison,marvin harrison,Marvin Harrison Jr.,ARI,WR,$35,WR10,,marvin harrison
12,3,Brandon Aiyuk,SF,9,2 out of 5 stars,+3,brandon aiyuk,brandon aiyuk,Brandon Aiyuk,SF,WR,$30,WR15,,brandon aiyuk
13,3,Chris Olave,NO,12,3 out of 5 stars,0,chris olave,chris olave,Chris Olave,NO,WR,$29,WR16,,chris olave
14,3,Drake London,ATL,12,4 out of 5 stars,0,drake london,drake london,Drake London,ATL,WR,$42,WR9,,drake london
15,3,Nico Collins,HOU,14,3 out of 5 stars,-3,nico collins,nico collins,Nico Collins,HOU,WR,$31,WR14,,nico collins
16,3,Davante Adams,LV,10,3 out of 5 stars,-6,davante adams,davante adams,Davante Adams,LV,WR,$28,WR18,,davante adams
17,3,DK Metcalf,SEA,10,3 out of 5 stars,+1,dk metcalf,dk metcalf,DK Metcalf,SEA,WR,$27,WR20,,dk metcalf
18,3,Jaylen Waddle,MIA,6,2 out of 5 stars,+1,jaylen waddle,jaylen waddle,Jaylen Waddle,MIA,WR,$31,WR13,,jaylen waddle
19,3,DJ Moore,CHI,7,4 out of 5 stars,-2,dj moore,dj moore,D.J. Moore,,,$25,WR22,,
20,4,Amari Cooper,CLE,10,3 out of 5 stars,+5,amari cooper,amari cooper,Amari Cooper,CLE,WR,$19,WR28,,amari cooper
21,4,Cooper Kupp,LAR,6,3 out of 5 stars,+2,cooper kupp,cooper kupp,Cooper Kupp,LAR,WR,$26,WR21,,cooper kupp
22,4,DeVonta Smith,PHI,5,2 out of 5 stars,0,devonta smith,devonta smith,Devonta Smith,PHI,WR,$27,WR19,,devonta smith
23,4,Malik Nabers,NYG,11,3 out of 5 stars,+3,malik nabers,malik nabers,Malik Nabers,NYG,WR,$28,WR17,,malik nabers
24,4,Tee Higgins,CIN,12,2 out of 5 stars,0,tee higgins,tee higgins,Tee Higgins,CIN,WR,$24,WR24,,tee higgins
25,4,George Pickens,PIT,9,1 out of 5 stars,+2,george pickens,george pickens,George Pickens,PIT,WR,$18,WR29,,george pickens
26,4,Michael Pittman Jr.,IND,14,4 out of 5 stars,-5,michael pittman,michael pittman,Michael Pittman,IND,WR,$15,WR30,,michael pittman
27,4,Tank Dell,HOU,14,3 out of 5 stars,+2,tank dell,tank dell,Tank Dell,HOU,WR,$25,WR23,,tank dell
28,4,Stefon Diggs,HOU,14,3 out of 5 stars,-8,stefon diggs,stefon diggs,Stefon Diggs,HOU,WR,$21,WR25,,stefon diggs
29,4,Zay Flowers,BAL,14,3 out of 5 stars,-1,zay flowers,zay flowers,Zay Flowers,BAL,WR,$19,WR27,,zay flowers
30,5,Christian Kirk,JAC,12,4 out of 5 stars,+2,christian kirk,christian kirk,Christian Kirk,JAX,WR,$19,WR26,,christian kirk
31,5,Terry McLaurin,WAS,14,3 out of 5 stars,-1,terry mclaurin,terry mclaurin,Terry McLaurin,WAS,WR,$13,WR33,,terry mclaurin
32,5,Calvin Ridley,TEN,5,4 out of 5 stars,+4,calvin ridley,calvin ridley,Calvin Ridley,TEN,WR,$8,WR41,,calvin ridley
33,5,Jayden Reed,GB,10,4 out of 5 stars,-2,jayden reed,jayden reed,Jayden Reed,GB,WR,$11,WR37,,jayden reed
34,5,Keenan Allen,CHI,7,4 out of 5 stars,-1,keenan allen,keenan allen,Keenan Allen,CHI,WR,$12,WR34,,keenan allen
35,5,Chris Godwin,TB,11,3 out of 5 stars,0,chris godwin,chris godwin,Chris Godwin,TB,WR,$10,WR38,,chris godwin
36,5,Diontae Johnson,CAR,11,5 out of 5 stars,+7,diontae johnson,diontae johnson,Diontae Johnson,CAR,WR,$3,WR47,,diontae johnson
37,5,Rashee Rice,KC,6,3 out of 5 stars,+2,rashee rice,rashee rice,Rashee Rice,KC,WR,$15,WR31,,rashee rice
38,5,Hollywood Brown,KC,6,3 out of 5 stars,-4,hollywood brown,hollywood brown,,,,,,,
39,5,Christian Watson,GB,10,4 out of 5 stars,+2,christian watson,christian watson,Christian Watson,GB,WR,$9,WR40,,christian watson
40,5,DeAndre Hopkins,TEN,5,4 out of 5 stars,+4,deandre hopkins,deandre hopkins,DeAndre Hopkins,TEN,WR,$1,WR51,,deandre hopkins
41,5,Xavier Worthy,KC,6,3 out of 5 stars,-3,xavier worthy,xavier worthy,Xavier Worthy,KC,WR,$13,WR32,,xavier worthy
42,6,Jordan Addison,MIN,6,3 out of 5 stars,-5,jordan addison,jordan addison,Jordan Addison,MIN,WR,$3,WR46,,jordan addison
43,6,Courtland Sutton,DEN,14,2 out of 5 stars,+3,courtland sutton,courtland sutton,Courtland Sutton,DEN,WR,$2,WR52,,courtland sutton
44,6,Ladd McConkey,LAC,5,3 out of 5 stars,-4,ladd mcconkey,ladd mcconkey,Ladd McConkey,LAC,WR,$5,WR42,,ladd mcconkey
45,6,Rome Odunze,CHI,7,4 out of 5 stars,-3,rome odunze,rome odunze,Rome Odunze,CHI,WR,$12,WR35,,rome odunze
46,6,Jaxon Smith-Njigba,SEA,10,3 out of 5 stars,+2,jaxon smith-njigba,jaxon smith-njigba,Jaxon Smith-Njigba,SEA,WR,$3,WR45,,jaxon smith-njigba
47,6,Jameson Williams,DET,5,4 out of 5 stars,+3,jameson williams,jameson williams,Jameson Williams,DET,WR,$4,WR44,,jameson williams
48,6,Brian Thomas Jr.,JAC,12,4 out of 5 stars,-1,brian thomas,brian thomas,Brian Thomas,JAX,WR,$9,WR39,,brian thomas
49,6,Tyler Lockett,SEA,10,3 out of 5 stars,+6,tyler lockett,tyler lockett,Tyler Lockett,SEA,WR,$2,WR55,,tyler lockett
50,6,Keon Coleman,BUF,12,2 out of 5 stars,-5,keon coleman,keon coleman,Keon Coleman,BUF,WR,$5,WR43,,keon coleman
51,6,Rashid Shaheed,NO,12,3 out of 5 stars,+8,rashid shaheed,rashid shaheed,Rashid Shaheed,NO,WR,$2,WR48,,rashid shaheed
52,6,Jakobi Meyers,LV,10,3 out of 5 stars,+4,jakobi meyers,jakobi meyers,Jakobi Meyers,LV,WR,$1,WR56,,jakobi meyers
53,6,Curtis Samuel,BUF,12,2 out of 5 stars,-2,curtis samuel,curtis samuel,Curtis Samuel,BUF,WR,$2,WR50,,curtis samuel
54,6,Mike Williams,NYJ,12,4 out of 5 stars,+10,mike williams,mike williams,Mike Williams,NYJ,WR,$1,WR59,,mike williams
55,6,Joshua Palmer,LAC,5,3 out of 5 stars,+3,joshua palmer,joshua palmer,Josh Palmer,,,$2,WR49,,
56,6,Brandin Cooks,DAL,7,3 out of 5 stars,+6,brandin cooks,brandin cooks,Brandin Cooks,DAL,WR,$1,WR57,,brandin cooks
57,6,Romeo Doubs,GB,10,4 out of 5 stars,-4,romeo doubs,romeo doubs,Romeo Doubs,GB,WR,$1,WR54,,romeo doubs
58,6,Gabe Davis,JAC,12,4 out of 5 stars,+8,gabe davis,gabe davis,Gabe Davis,JAX,WR,$2,WR53,,gabe davis
59,6,Khalil Shakir,BUF,12,2 out of 5 stars,-7,khalil shakir,khalil shakir,Khalil Shakir,BUF,WR,$1,WR61,,khalil shakir
60,6,Jerry Jeudy,CLE,10,3 out of 5 stars,-6,jerry jeudy,jerry jeudy,Jerry Jeudy,CLE,WR,$2,WR58,,jerry jeudy
61,7,Josh Downs,IND,14,4 out of 5 stars,0,josh downs,josh downs,Josh Downs,IND,WR,$1,WR67,,josh downs
62,7,Jahan Dotson,WAS,14,3 out of 5 stars,+3,jahan dotson,jahan dotson,Jahan Dotson,WAS,WR,$1,WR62,,jahan dotson
63,7,Dontayvion Wicks,GB,10,4 out of 5 stars,+4,dontayvion wicks,dontayvion wicks,Dontayvion Wicks,GB,WR,$1,WR60,,dontayvion wicks
64,7,Adonai Mitchell,IND,14,4 out of 5 stars,-4,adonai mitchell,adonai mitchell,Adonai Mitchell,IND,WR,$1,WR69,,adonai mitchell
65,7,Darnell Mooney,ATL,12,4 out of 5 stars,+12,darnell mooney,darnell mooney,Darnell Mooney,ATL,WR,$1,WR63,,darnell mooney
66,7,Adam Thielen,CAR,11,5 out of 5 stars,+8,adam thielen,adam thielen,Adam Thielen,CAR,WR,$1,WR66,,adam thielen
67,7,DeMario Douglas,NE,14,3 out of 5 stars,+9,demario douglas,demario douglas,Demario Douglas,NE,WR,$0,WR73,,demario douglas
68,7,Michael Wilson,ARI,11,3 out of 5 stars,+2,michael wilson,michael wilson,Michael Wilson,ARI,WR,$1,WR70,,michael wilson
69,7,Rashod Bateman,BAL,14,3 out of 5 stars,+10,rashod bateman,rashod bateman,Rashod Bateman,BAL,WR,$1,WR72,,rashod bateman
70,7,Ja'Lynn Polk,NE,14,3 out of 5 stars,-7,ja'lynn polk,ja'lynn polk,Ja'Lynn Polk,NE,WR,$1,WR64,,ja'lynn polk
71,7,Xavier Legette,CAR,11,5 out of 5 stars,-22,xavier legette,xavier legette,Xavier Legette,CAR,WR,$1,WR65,,xavier legette
72,7,Marvin Mims Jr.,DEN,14,2 out of 5 stars,-3,marvin mims,marvin mims,Marvin Mims,DEN,WR,$0,WR79,,marvin mims
73,7,Ricky Pearsall,SF,9,2 out of 5 stars,-16,ricky pearsall,ricky pearsall,Ricky Pearsall,SF,WR,$1,WR71,,ricky pearsall
74,7,Jermaine Burton,CIN,12,2 out of 5 stars,-1,jermaine burton,jermaine burton,Jermaine Burton,CIN,WR,$0,WR76,,jermaine burton
75,7,Quentin Johnston,LAC,5,3 out of 5 stars,-3,quentin johnston,quentin johnston,Quentin Johnston,LAC,WR,$0,WR81,,quentin johnston
76,7,Wan'Dale Robinson,NYG,11,3 out of 5 stars,+2,wan'dale robinson,wan'dale robinson,Wan'Dale Robinson,NYG,WR,$0,WR74,,wan'dale robinson
77,7,Demarcus Robinson,LAR,6,3 out of 5 stars,+3,demarcus robinson,demarcus robinson,Demarcus Robinson,LAR,WR,$0,WR78,,demarcus robinson
78,7,Troy Franklin,DEN,14,2 out of 5 stars,-10,troy franklin,troy franklin,Troy Franklin,DEN,WR,$0,WR89,,troy franklin
79,7,Roman Wilson,PIT,9,1 out of 5 stars,-4,roman wilson,roman wilson,Roman Wilson,PIT,WR,$0,WR87,,roman wilson
80,7,Javon Baker,NE,14,3 out of 5 stars,+4,javon baker,javon baker,Javon Baker,NE,WR,$0,WR93,,javon baker
81,7,Elijah Moore,CLE,10,3 out of 5 stars,+17,elijah moore,elijah moore,Elijah Moore,CLE,WR,$0,WR99,,elijah moore
82,7,Darius Slayton,NYG,11,3 out of 5 stars,+11,darius slayton,darius slayton,Darius Slayton,NYG,WR,$0,WR84,,darius slayton
83,8,Jalin Hyatt,NYG,11,3 out of 5 stars,+3,jalin hyatt,jalin hyatt,Jalin Hyatt,NYG,WR,$0,WR77,,jalin hyatt
84,8,Malachi Corley,NYJ,12,4 out of 5 stars,-13,malachi corley,malachi corley,Malachi Corley,NYJ,WR,$1,WR68,,malachi corley
85,8,DJ Chark Jr.,LAC,5,3 out of 5 stars,-2,dj chark,d.j. chark,D.J. Chark,LAC,WR,$0,WR80,,d.j. chark
86,8,Kendrick Bourne,NE,14,3 out of 5 stars,+6,kendrick bourne,kendrick bourne,Kendrick Bourne,NE,WR,$0,WR103,,kendrick bourne
87,8,Tyler Boyd,TEN,5,4 out of 5 stars,+1,tyler boyd,tyler boyd,Tyler Boyd,TEN,WR,$0,WR85,,tyler boyd
88,8,A.T. Perry,NO,12,3 out of 5 stars,+16,a.t. perry,a.t. perry,A.T. Perry,NO,WR,$0,WR102,,a.t. perry
89,8,Treylon Burks,TEN,5,4 out of 5 stars,+12,treylon burks,treylon burks,Treylon Burks,TEN,WR,$0,WR104,,treylon burks
90,8,Rondale Moore,ATL,12,4 out of 5 stars,+10,rondale moore,rondale moore,,,,,,,
91,8,Zay Jones,ARI,11,3 out of 5 stars,+3,zay jones,zay jones,Zay Jones,ARI,WR,$0,WR98,,zay jones
92,8,Jalen McMillan,TB,11,3 out of 5 stars,-11,jalen mcmillan,jalen mcmillan,Jalen McMillan,TB,WR,$0,WR82,,jalen mcmillan
93,8,Odell Beckham Jr.,MIA,6,2 out of 5 stars,-8,odell beckham,odell beckham,Odell Beckham Jr.,MIA,WR,$0,WR94,,odell beckham
94,8,Jonathan Mingo,CAR,11,5 out of 5 stars,+17,jonathan mingo,jonathan mingo,,,,,,,
95,8,Andrei Iosivas,CIN,12,2 out of 5 stars,+11,andrei iosivas,andrei iosivas,Andrei Iosivas,CIN,WR,$0,WR86,,andrei iosivas
96,8,Devontez Walker,BAL,14,3 out of 5 stars,-7,devontez walker,devontez walker,Devontez Walker,BAL,WR,$0,WR101,,devontez walker
97,8,Josh Reynolds,DEN,14,2 out of 5 stars,-7,josh reynolds,josh reynolds,Josh Reynolds,DEN,WR,$0,WR96,,josh reynolds
98,8,Alec Pierce,IND,14,4 out of 5 stars,+9,alec pierce,alec pierce,,,,,,,
99,8,Trey Palmer,TB,11,3 out of 5 stars,+19,trey palmer,trey palmer,,,,,,,
100,8,Cedric Tillman,CLE,10,3 out of 5 stars,+22,cedric tillman,cedric tillman,,,,,,,
101,8,Kadarius Toney,KC,6,3 out of 5 stars,+25,kadarius toney,kadarius toney,,,,,,,
102,8,Noah Brown,HOU,14,3 out of 5 stars,+6,noah brown,noah brown,Noah Brown,HOU,WR,$0,WR92,,noah brown
103,8,K.J. Osborn,NE,14,3 out of 5 stars,-1,k.j. osborn,k.j. osborn,,,,,,,
104,8,Luke McCaffrey,WAS,14,3 out of 5 stars,-22,luke mccaffrey,luke mccaffrey,Luke McCaffrey,WAS,WR,$0,WR83,,luke mccaffrey
105,8,Brenden Rice,LAC,5,3 out of 5 stars,-14,brenden rice,brenden rice,,,,,,,
106,9,Jacob Cowing,SF,9,2 out of 5 stars,+8,jacob cowing,jacob cowing,,,,,,,
107,9,Jalen Tolbert,DAL,7,3 out of 5 stars,-11,jalen tolbert,jalen tolbert,Jalen Tolbert,DAL,WR,$0,WR75,,jalen tolbert
108,9,Greg Dortch,ARI,11,3 out of 5 stars,-9,greg dortch,greg dortch,Greg Dortch,ARI,WR,$0,WR88,,greg dortch
109,9,Tyler Scott,CHI,7,4 out of 5 stars,-,tyler scott,tyler scott,,,,,,,
110,9,Robert Woods,HOU,14,3 out of 5 stars,-,robert woods,robert woods,,,,,,,
111,9,Kalif Raymond,DET,5,4 out of 5 stars,-,kalif raymond,kalif raymond,Kalif Raymond,DET,WR,$0,WR100,,kalif raymond
112,9,Michael Thomas,FA,-,-,-9,michael thomas,michael thomas,,,,,,,
113,9,Nelson Agholor,BAL,14,3 out of 5 stars,-,nelson agholor,nelson agholor,,,,,,,
114,9,Tre Tucker,LV,10,3 out of 5 stars,-4,tre tucker,tre tucker,Tre Tucker,LV,WR,$0,WR90,,tre tucker
115,9,Tutu Atwell,LAR,6,3 out of 5 stars,+12,tutu atwell,tutu atwell,,,,,,,
116,9,Marquez Valdes-Scantling,BUF,12,2 out of 5 stars,-,marquez valdes-scantling,marquez valdes-scantling,,,,,,,
117,9,Bo Melton,GB,10,4 out of 5 stars,-,bo melton,bo melton,,,,,,,
118,9,Calvin Austin III,PIT,9,1 out of 5 stars,-13,calvin austin,calvin austin,,,,,,,
119,9,Malik Washington,MIA,6,2 out of 5 stars,-22,malik washington,malik washington,,,,,,,
120,9,Allen Lazard,NYJ,12,4 out of 5 stars,-1,allen lazard,allen lazard,Allen Lazard,NYJ,WR,$0,WR91,,allen lazard
121,9,Xavier Gipson,NYJ,12,4 out of 5 stars,+2,xavier gipson,xavier gipson,,,,,,,
122,9,Van Jefferson,PIT,9,1 out of 5 stars,-,van jefferson,van jefferson,,,,,,,
123,9,Jauan Jennings,SF,9,2 out of 5 stars,-11,jauan jennings,jauan jennings,Jauan Jennings,SF,WR,$0,WR97,,jauan jennings
124,9,Donovan Peoples-Jones,DET,5,4 out of 5 stars,-,donovan peoples-jones,donovan peoples-jones,,,,,,,
125,9,JuJu Smith-Schuster,NE,14,3 out of 5 stars,+3,juju smith-schuster,juju smith-schuster,,,,,,,
126,9,Parris Campbell,PHI,5,2 out of 5 stars,-,parris campbell,parris campbell,,,,,,,
127,10,Skyy Moore,KC,6,3 out of 5 stars,+4,skyy moore,skyy moore,,,,,,,
128,10,Tim Patrick,DEN,14,2 out of 5 stars,-41,tim patrick,tim patrick,,,,,,,
129,10,Johnny Wilson,PHI,5,2 out of 5 stars,-9,johnny wilson,johnny wilson,,,,,,,
130,10,Ainias Smith,PHI,5,2 out of 5 stars,-6,ainias smith,ainias smith,,,,,,,
131,10,John Metchie III,HOU,14,3 out of 5 stars,+1,john metchie,john metchie,,,,,,,
132,10,Brandon Powell,MIN,6,3 out of 5 stars,-,brandon powell,brandon powell,,,,,,,
133,10,Parker Washington,JAC,12,4 out of 5 stars,-,parker washington,parker washington,,,,,,,
134,10,Justin Watson,KC,6,3 out of 5 stars,-,justin watson,justin watson,,,,,,,
135,10,Cedrick Wilson Jr.,NO,12,3 out of 5 stars,-,cedrick wilson,cedrick wilson,,,,,,,
136,10,Quez Watkins,PIT,9,1 out of 5 stars,-,quez watkins,quez watkins,,,,,,,
137,10,Trenton Irwin,CIN,12,2 out of 5 stars,-,trenton irwin,trenton irwin,,,,,,,
138,10,Jamari Thrash,CLE,10,3 out of 5 stars,-22,jamari thrash,jamari thrash,,,,,,,
139,10,Hunter Renfrow,FA,-,-,-,hunter renfrow,hunter renfrow,,,,,,,
140,10,Mack Hollins,BUF,12,2 out of 5 stars,-,mack hollins,mack hollins,,,,,,,
141,10,Chase Claypool,BUF,12,2 out of 5 stars,-24,chase claypool,chase claypool,,,,,,,
142,10,Charlie Jones,CIN,12,2 out of 5 stars,-9,charlie jones,charlie jones,,,,,,,
143,10,Nick Westbrook-Ikhine,TEN,5,4 out of 5 stars,-,nick westbrook-ikhine,nick westbrook-ikhine,,,,,,,
144,10,Braxton Berrios,MIA,6,2 out of 5 stars,-,braxton berrios,braxton berrios,,,,,,,
145,10,Isaiah McKenzie,NYG,11,3 out of 5 stars,-,isaiah mckenzie,isaiah mckenzie,,,,,,,
146,10,Mecole Hardman Jr.,KC,6,3 out of 5 stars,-,mecole hardman,mecole hardman,,,,,,,
147,10,KaVontae Turpin,DAL,7,3 out of 5 stars,-,kavontae turpin,kavontae turpin,,,,,,,
148,10,David Bell,CLE,10,3 out of 5 stars,-,david bell,david bell,,,,,,,
149,10,Jake Bobo,SEA,10,3 out of 5 stars,-,jake bobo,jake bobo,,,,,,,
150,10,Ryan Flournoy,DAL,7,3 out of 5 stars,-,ryan flournoy,ryan flournoy,,,,,,,
151,10,Terrace Marshall Jr.,CAR,11,5 out of 5 stars,-,terrace marshall,terrace marshall,,,,,,,
152,10,Chris Moore,ARI,11,3 out of 5 stars,-,chris moore,chris moore,,,,,,,
153,10,Isaiah Hodgins,NYG,11,3 out of 5 stars,-,isaiah hodgins,isaiah hodgins,,,,,,,
154,10,Tyquan Thornton,NE,14,3 out of 5 stars,-,tyquan thornton,tyquan thornton,,,,,,,
155,10,Dyami Brown,WAS,14,3 out of 5 stars,-,dyami brown,dyami brown,,,,,,,
156,10,Xavier Hutchinson,HOU,14,3 out of 5 stars,-,xavier hutchinson,xavier hutchinson,,,,,,,
157,10,Casey Washington,ATL,12,4 out of 5 stars,-,casey washington,casey washington,,,,,,,
158,10,Bub Means,NO,12,3 out of 5 stars,-,bub means,bub means,,,,,,,
159,10,Jamison Crowder,WAS,14,3 out of 5 stars,-,jamison crowder,jamison crowder,,,,,,,
160,11,Trent Sherfield Sr.,MIN,6,3 out of 5 stars,-,trent sherfield,trent sherfield,,,,,,,
161,11,Jalen Nailor,MIN,6,3 out of 5 stars,-,jalen nailor,jalen nailor,,,,,,,
162,11,Derius Davis,LAC,5,3 out of 5 stars,-,derius davis,derius davis,,,,,,,
163,11,Ray-Ray McCloud III,ATL,12,4 out of 5 stars,-,ray-ray mccloud,ray-ray mccloud,Ray-Ray McCloud,ATL,WR,$0,WR95,,ray-ray mccloud
164,11,Kyle Philips,TEN,5,4 out of 5 stars,-,kyle philips,kyle philips,,,,,,,
165,11,Jordan Whittington,LAR,6,3 out of 5 stars,-,jordan whittington,jordan whittington,,,,,,,
166,11,Olamide Zaccheaus,WAS,14,3 out of 5 stars,-,olamide zaccheaus,olamide zaccheaus,,,,,,,
167,11,Justyn Ross,KC,6,3 out of 5 stars,-,justyn ross,justyn ross,,,,,,,
168,11,Devin Duvernay,JAC,12,4 out of 5 stars,-,devin duvernay,devin duvernay,,,,,,,
169,11,Laviska Shenault Jr.,SEA,10,3 out of 5 stars,-,laviska shenault,laviska shenault,,,,,,,
170,11,Jalen Guyton,LV,10,3 out of 5 stars,-,jalen guyton,jalen guyton,,,,,,,
171,11,Jalen Brooks,DAL,7,3 out of 5 stars,-,jalen brooks,jalen brooks,,,,,,,
172,11,Cornelius Johnson,LAC,5,3 out of 5 stars,-43,cornelius johnson,cornelius johnson,,,,,,,
173,11,Allen Robinson II,NYG,11,3 out of 5 stars,-,allen robinson,allen robinson,,,,,,,
174,11,Tahj Washington,MIA,6,2 out of 5 stars,-,tahj washington,tahj washington,,,,,,,
175,11,Malik Heath,GB,10,4 out of 5 stars,-,malik heath,malik heath,,,,,,,
176,11,Jha'Quan Jackson,TEN,5,4 out of 5 stars,-,jha'quan jackson,jha'quan jackson,,,,,,,
177,11,Lil'Jordan Humphrey,DEN,14,2 out of 5 stars,-,lil'jordan humphrey,lil'jordan humphrey,,,,,,,
178,11,Deonte Harty,BAL,14,3 out of 5 stars,-,deonte harty,deonte harty,,,,,,,
179,11,KhaDarel Hodge,ATL,12,4 out of 5 stars,-,khadarel hodge,khadarel hodge,,,,,,,
180,11,Anthony Gould,IND,14,4 out of 5 stars,-,anthony gould,anthony gould,,,,,,,
181,11,Jason Brownlee,NYJ,12,4 out of 5 stars,-,jason brownlee,jason brownlee,,,,,,,
182,11,Antoine Green,DET,5,4 out of 5 stars,-,antoine green,antoine green,,,,,,,
183,11,Scotty Miller,PIT,9,1 out of 5 stars,-70,scotty miller,scotty miller,,,,,,,
184,11,Brandon Johnson,DEN,14,2 out of 5 stars,-,brandon johnson,brandon johnson,,,,,,,
185,11,Sterling Shepard,TB,11,3 out of 5 stars,-,sterling shepard,sterling shepard,,,,,,,
186,11,Isaiah Williams,DET,5,4 out of 5 stars,-,isaiah williams,isaiah williams,,,,,,,
187,11,Kayshon Boutte,NE,14,3 out of 5 stars,-53,kayshon boutte,kayshon boutte,,,,,,,
188,11,Josh Crockett,FA,-,-,-,josh crockett,josh crockett,,,,,,,
189,11,Richie James Jr.,FA,-,-,-,richie james,richie james,,,,,,,
190,11,Marcus Rosemy-Jacksaint,WAS,14,3 out of 5 stars,-,marcus rosemy-jacksaint,marcus rosemy-jacksaint,,,,,,,
191,11,Ronnie Bell,SF,9,2 out of 5 stars,-,ronnie bell,ronnie bell,,,,,,,
192,11,Zach Pascal,ARI,11,3 out of 5 stars,-,zach pascal,zach pascal,,,,,,,
193,11,Ihmir Smith-Marsette,CAR,11,5 out of 5 stars,-,ihmir smith-marsette,ihmir smith-marsette,,,,,,,
194,11,Equanimeous St. Brown,NO,12,3 out of 5 stars,-,equanimeous st. brown,equanimeous st. brown,,,,,,,
195,11,Rakim Jarrett,TB,11,3 out of 5 stars,-,rakim jarrett,rakim jarrett,,,,,,,
196,12,Jalen Reagor,NE,14,3 out of 5 stars,-,jalen reagor,jalen reagor,,,,,,,
197,12,Velus Jones Jr.,CHI,7,4 out of 5 stars,-,velus jones,velus jones,,,,,,,
198,12,Austin Mack,ATL,12,4 out of 5 stars,-,austin mack,austin mack,,,,,,,
199,12,River Cracraft,MIA,6,2 out of 5 stars,-,river cracraft,river cracraft,,,,,,,
200,12,Mason Tipton,NO,12,3 out of 5 stars,-,mason tipton,mason tipton,,,,,,,
201,12,Devaughn Vele,DEN,14,2 out of 5 stars,-,devaughn vele,devaughn vele,,,,,,,
202,12,Dante Pettis,CHI,7,4 out of 5 stars,-,dante pettis,dante pettis,,,,,,,
203,12,Tre'Quan Smith,DET,5,4 out of 5 stars,-,tre'quan smith,tre'quan smith,,,,,,,
204,12,Samori Toure,GB,10,4 out of 5 stars,-,samori toure,samori toure,,,,,,,
205,12,Ben Skowronek,HOU,14,3 out of 5 stars,-,ben skowronek,ben skowronek,,,,,,,
206,12,Emeka Egbuka,FA,-,-,-,emeka egbuka,emeka egbuka,,,,,,,
207,12,Marvin Jones Jr.,FA,-,-,-,marvin jones,marvin jones,,,,,,,
208,12,Deven Thompkins,CAR,11,5 out of 5 stars,-,deven thompkins,deven thompkins,,,,,,,
209,12,Jamal Agnew,FA,-,-,-,jamal agnew,jamal agnew,,,,,,,
210,12,Denzel Mims,JAC,12,4 out of 5 stars,-,denzel mims,denzel mims,,,,,,,
211,12,Jalen Coker,CAR,11,5 out of 5 stars,-81,jalen coker,jalen coker,,,,,,,
212,12,Isaiah Williams,FA,-,-,-,isaiah williams,isaiah williams,,,,,,,
213,12,Xavier Weaver,ARI,11,3 out of 5 stars,-,xavier weaver,xavier weaver,,,,,,,
214,12,David Moore,CAR,11,5 out of 5 stars,-,david moore,david moore,,,,,,,
215,12,N'Keal Harry,MIN,6,3 out of 5 stars,-90,n'keal harry,n'keal harry,,,,,,,
216,12,Julio Jones,FA,-,-,-,julio jones,julio jones,,,,,,,
217,12,Erik Ezukanma,MIA,6,2 out of 5 stars,-,erik ezukanma,erik ezukanma,,,,,,,
218,12,Tyler Davis,FA,-,-,-,tyler davis,tyler davis,,,,,,,
219,12,Dee Eskridge,SEA,10,3 out of 5 stars,-,dee eskridge,dee eskridge,,,,,,,
220,12,Marquise Goodwin,FA,-,-,-,marquise goodwin,marquise goodwin,,,,,,,
221,12,D.J. Montgomery,IND,14,4 out of 5 stars,-,d.j. montgomery,d.j. montgomery,,,,,,,
222,12,Britain Covey,PHI,5,2 out of 5 stars,-,britain covey,britain covey,,,,,,,
223,12,Robbie Chosen,FA,-,-,-,robbie chosen,robbie chosen,,,,,,,
224,12,KJ Hamler,BUF,12,2 out of 5 stars,-,kj hamler,kj hamler,,,,,,,
225,12,Lynn Bowden Jr.,FA,-,-,-,lynn bowden,lynn bowden,,,,,,,
226,12,Byron Pringle,WAS,14,3 out of 5 stars,-,byron pringle,byron pringle,,,,,,,
227,12,DeAndre Carter,CHI,7,4 out of 5 stars,-,deandre carter,deandre carter,,,,,,,
228,12,Marquez Callaway,NO,12,3 out of 5 stars,-,marquez callaway,marquez callaway,,,,,,,
229,12,Keith Kirkwood,BAL,14,3 out of 5 stars,-,keith kirkwood,keith kirkwood,,,,,,,
230,12,Collin Johnson,CHI,7,4 out of 5 stars,-,collin johnson,collin johnson,,,,,,,
231,12,Elijah Cooks,JAC,12,4 out of 5 stars,-,elijah cooks,elijah cooks,,,,,,,
232,12,Lawrence Cager,NYG,11,3 out of 5 stars,-,lawrence cager,lawrence cager,,,,,,,
233,12,Tylan Wallace,BAL,14,3 out of 5 stars,-,tylan wallace,tylan wallace,,,,,,,
234,12,Justin Shorter,BUF,12,2 out of 5 stars,-,justin shorter,justin shorter,,,,,,,
235,12,Russell Gage,BAL,14,3 out of 5 stars,-,russell gage,russell gage,,,,,,,
236,12,Randall Cobb,FA,-,-,-,randall cobb,randall cobb,,,,,,,
237,13,Mike Strachan,CAR,11,5 out of 5 stars,-,mike strachan,mike strachan,,,,,,,
238,13,Colton Dowell,TEN,5,4 out of 5 stars,-,colton dowell,colton dowell,,,,,,,
239,13,Alex Erickson,FA,-,-,-,alex erickson,alex erickson,,,,,,,
240,13,Tim Jones,JAC,12,4 out of 5 stars,-,tim jones,tim jones,,,,,,,
241,13,Trishton Jackson,MIN,6,3 out of 5 stars,-,trishton jackson,trishton jackson,,,,,,,
242,13,Austin Trammell,JAC,12,4 out of 5 stars,-,austin trammell,austin trammell,,,,,,,
243,13,Malik Taylor,NYJ,12,4 out of 5 stars,-,malik taylor,malik taylor,,,,,,,
244,13,Miles Boykin,NYG,11,3 out of 5 stars,-,miles boykin,miles boykin,,,,,,,
245,13,Cody Thompson,TB,11,3 out of 5 stars,-,cody thompson,cody thompson,,,,,,,
246,13,Juwann Winfree,IND,14,4 out of 5 stars,-,juwann winfree,juwann winfree,,,,,,,
247,13,Trent Taylor,SF,9,2 out of 5 stars,-,trent taylor,trent taylor,,,,,,,
1,1,Sam LaPorta,DET,5,3 out of 5 stars,0,sam laporta,sam laporta,Sam LaPorta,DET,TE,$24,TE1,,sam laporta
2,1,Travis Kelce,KC,6,3 out of 5 stars,0,travis kelce,travis kelce,Travis Kelce,KC,TE,$20,TE2,,travis kelce
3,1,Mark Andrews,BAL,14,3 out of 5 stars,+1,mark andrews,mark andrews,Mark Andrews,BAL,TE,$16,TE5,,mark andrews
4,2,Trey McBride,ARI,11,5 out of 5 stars,-1,trey mcbride,trey mcbride,Trey McBride,ARI,TE,$11,TE7,,trey mcbride
5,2,George Kittle,SF,9,4 out of 5 stars,+1,george kittle,george kittle,George Kittle,SF,TE,$18,TE3,,george kittle
6,2,Kyle Pitts,ATL,12,3 out of 5 stars,+1,kyle pitts,kyle pitts,Kyle Pitts,ATL,TE,$17,TE4,,kyle pitts
7,2,Dalton Kincaid,BUF,12,2 out of 5 stars,-2,dalton kincaid,dalton kincaid,Dalton Kincaid,BUF,TE,$12,TE6,,dalton kincaid
8,2,Jake Ferguson,DAL,7,2 out of 5 stars,+3,jake ferguson,jake ferguson,Jake Ferguson,DAL,TE,$1,TE9,,jake ferguson
9,3,Evan Engram,JAC,12,3 out of 5 stars,0,evan engram,evan engram,Evan Engram,JAX,TE,$4,TE8,,evan engram
10,3,David Njoku,CLE,10,3 out of 5 stars,-2,david njoku,david njoku,David Njoku,CLE,TE,$2,TE11,,david njoku
11,3,Brock Bowers,LV,10,4 out of 5 stars,-1,brock bowers,brock bowers,Brock Bowers,LV,TE,$2,TE10,,brock bowers
12,3,Dallas Goedert,PHI,5,4 out of 5 stars,0,dallas goedert,dallas goedert,Dallas Goedert,PHI,TE,$2,TE12,,dallas goedert
13,3,Dalton Schultz,HOU,14,2 out of 5 stars,+3,dalton schultz,dalton schultz,Dalton Schultz,HOU,TE,$1,TE14,,dalton schultz
14,3,Pat Freiermuth,PIT,9,3 out of 5 stars,+1,pat freiermuth,pat freiermuth,Pat Freiermuth,PIT,TE,$1,TE16,,pat freiermuth
15,3,Cole Kmet,CHI,7,3 out of 5 stars,-1,cole kmet,cole kmet,Cole Kmet,CHI,TE,$1,TE15,,cole kmet
16,4,T.J. Hockenson,MIN,6,2 out of 5 stars,-3,t.j. hockenson,t.j. hockenson,T.J. Hockenson,MIN,TE,$1,TE18,,t.j. hockenson
17,4,Hunter Henry,NE,14,3 out of 5 stars,+2,hunter henry,hunter henry,Hunter Henry,NE,TE,$1,TE19,,hunter henry
18,4,Taysom Hill,NO,12,4 out of 5 stars,+8,taysom hill,taysom hill,Taysom Hill,NO,TE,$2,TE13,,taysom hill
19,4,Luke Musgrave,GB,10,3 out of 5 stars,-2,luke musgrave,luke musgrave,Luke Musgrave,GB,TE,$1,TE17,,luke musgrave
20,4,Tyler Conklin,NYJ,12,3 out of 5 stars,+3,tyler conklin,tyler conklin,Tyler Conklin,NYJ,TE,$1,TE22,,tyler conklin
21,4,Cade Otton,TB,11,3 out of 5 stars,-1,cade otton,cade otton,Cade Otton,TB,TE,$1,TE25,,cade otton
22,4,Isaiah Likely,BAL,14,3 out of 5 stars,-4,isaiah likely,isaiah likely,Isaiah Likely,BAL,TE,$1,TE23,,isaiah likely
23,4,Noah Fant,SEA,10,3 out of 5 stars,-2,noah fant,noah fant,Noah Fant,SEA,TE,$1,TE20,,noah fant
24,4,Juwan Johnson,NO,12,4 out of 5 stars,+5,juwan johnson,juwan johnson,Juwan Johnson,NO,TE,$1,TE21,,juwan johnson
25,4,Chigoziem Okonkwo,TEN,5,4 out of 5 stars,-3,chigoziem okonkwo,chigoziem okonkwo,Chigoziem Okonkwo,TEN,TE,$0,TE27,,chigoziem okonkwo
26,4,Ben Sinnott,WAS,14,2 out of 5 stars,-2,ben sinnott,ben sinnott,Ben Sinnott,WAS,TE,$1,TE24,,ben sinnott
27,4,Mike Gesicki,CIN,12,3 out of 5 stars,+1,mike gesicki,mike gesicki,Mike Gesicki,CIN,TE,$0,TE33,,mike gesicki
28,4,Tucker Kraft,GB,10,3 out of 5 stars,+2,tucker kraft,tucker kraft,Tucker Kraft,GB,TE,$0,TE34,,tucker kraft
29,5,Jelani Woods,IND,14,3 out of 5 stars,+6,jelani woods,jelani woods,,,,,,,
30,5,Michael Mayer,LV,10,4 out of 5 stars,+2,michael mayer,michael mayer,Michael Mayer,LV,TE,$0,TE30,,michael mayer
31,5,Ja'Tavion Sanders,CAR,11,3 out of 5 stars,-6,ja'tavion sanders,ja'tavion sanders,,,,,,,
32,5,Dawson Knox,BUF,12,2 out of 5 stars,+6,dawson knox,dawson knox,Dawson Knox,BUF,TE,$0,TE29,,dawson knox
33,5,Gerald Everett,CHI,7,3 out of 5 stars,+17,gerald everett,gerald everett,,,,,,,
34,5,Zach Ertz,WAS,14,2 out of 5 stars,+2,zach ertz,zach ertz,,,,,,,
35,5,Jonnu Smith,MIA,6,2 out of 5 stars,-4,jonnu smith,jonnu smith,Jonnu Smith,MIA,TE,$0,TE28,,jonnu smith
36,5,Tyler Higbee,LAR,6,3 out of 5 stars,+16,tyler higbee,tyler higbee,,,,,,,
37,5,Greg Dulcich,DEN,14,2 out of 5 stars,-10,greg dulcich,greg dulcich,Greg Dulcich,DEN,TE,$0,TE31,,greg dulcich
38,5,Theo Johnson,NYG,11,4 out of 5 stars,-5,theo johnson,theo johnson,Theo Johnson,NYG,TE,$0,TE32,,theo johnson
39,6,Colby Parkinson,LAR,6,3 out of 5 stars,-5,colby parkinson,colby parkinson,Colby Parkinson,LAR,TE,$1,TE26,,colby parkinson
40,6,Daniel Bellinger,NYG,11,4 out of 5 stars,-3,daniel bellinger,daniel bellinger,,,,,,,
41,6,Hayden Hurst,LAC,5,3 out of 5 stars,-2,hayden hurst,hayden hurst,,,,,,,
42,6,Donald Parham Jr.,LAC,5,3 out of 5 stars,+16,donald parham,donald parham,,,,,,,
43,6,Noah Gray,KC,6,3 out of 5 stars,+11,noah gray,noah gray,,,,,,,
44,6,Kylen Granson,IND,14,3 out of 5 stars,-,kylen granson,kylen granson,,,,,,,
45,6,Tanner Hudson,CIN,12,3 out of 5 stars,-,tanner hudson,tanner hudson,,,,,,,
46,6,Brevin Jordan,HOU,14,2 out of 5 stars,+13,brevin jordan,brevin jordan,,,,,,,
47,6,Will Dissly,LAC,5,3 out of 5 stars,+16,will dissly,will dissly,,,,,,,
48,6,Logan Thomas,SF,9,4 out of 5 stars,-,logan thomas,logan thomas,,,,,,,
49,7,Erick All Jr.,CIN,12,3 out of 5 stars,0,erick all,erick all,,,,,,,
50,7,Cade Stover,HOU,14,2 out of 5 stars,-9,cade stover,cade stover,,,,,,,
51,7,Jeremy Ruckert,NYJ,12,3 out of 5 stars,+13,jeremy ruckert,jeremy ruckert,,,,,,,
52,7,Davis Allen,LAR,6,3 out of 5 stars,+4,davis allen,davis allen,,,,,,,
53,7,Josh Oliver,MIN,6,2 out of 5 stars,-,josh oliver,josh oliver,,,,,,,
54,7,Tommy Tremble,CAR,11,3 out of 5 stars,+6,tommy tremble,tommy tremble,,,,,,,
55,7,Darnell Washington,PIT,9,3 out of 5 stars,+2,darnell washington,darnell washington,,,,,,,
56,7,Foster Moreau,NO,12,4 out of 5 stars,-,foster moreau,foster moreau,,,,,,,
57,7,Jaheim Bell,NE,14,3 out of 5 stars,-6,jaheim bell,jaheim bell,,,,,,,
58,7,Johnny Mundt,MIN,6,2 out of 5 stars,-,johnny mundt,johnny mundt,,,,,,,
59,7,Durham Smythe,MIA,6,2 out of 5 stars,-,durham smythe,durham smythe,,,,,,,
60,7,Adam Trautman,DEN,14,2 out of 5 stars,-,adam trautman,adam trautman,,,,,,,
61,7,Austin Hooper,NE,14,3 out of 5 stars,-,austin hooper,austin hooper,,,,,,,
62,7,Will Mallory,IND,14,3 out of 5 stars,-,will mallory,will mallory,,,,,,,
63,7,Luke Schoonmaker,DAL,7,2 out of 5 stars,-16,luke schoonmaker,luke schoonmaker,,,,,,,
64,7,Cole Turner,WAS,14,2 out of 5 stars,-,cole turner,cole turner,,,,,,,
65,7,Jared Wiley,KC,6,3 out of 5 stars,-25,jared wiley,jared wiley,,,,,,,
66,7,Irv Smith Jr.,KC,6,3 out of 5 stars,-5,irv smith,irv smith,,,,,,,
67,7,Lucas Krull,DEN,14,2 out of 5 stars,-,lucas krull,lucas krull,,,,,,,
68,7,Tip Reiman,ARI,11,5 out of 5 stars,-1,tip reiman,tip reiman,,,,,,,
69,7,Brock Wright,DET,5,3 out of 5 stars,-,brock wright,brock wright,,,,,,,
70,8,AJ Barner,SEA,10,3 out of 5 stars,-17,aj barner,aj barner,,,,,,,
71,8,Josh Whyle,TEN,5,4 out of 5 stars,-5,josh whyle,josh whyle,,,,,,,
72,8,Drew Sample,CIN,12,3 out of 5 stars,-,drew sample,drew sample,,,,,,,
73,8,Mo Alie-Cox,IND,14,3 out of 5 stars,-,mo alie-cox,mo alie-cox,,,,,,,
74,8,Robert Tonyan,MIN,6,2 out of 5 stars,-,robert tonyan,robert tonyan,,,,,,,
75,8,Brenton Strange,JAC,12,3 out of 5 stars,-13,brenton strange,brenton strange,,,,,,,
76,8,Pharaoh Brown,SEA,10,3 out of 5 stars,-,pharaoh brown,pharaoh brown,,,,,,,
77,8,Ian Thomas,CAR,11,3 out of 5 stars,-,ian thomas,ian thomas,Brian Thomas,,,$9,WR39,,
78,8,Jordan Akins,CLE,10,3 out of 5 stars,-,jordan akins,jordan akins,,,,,,,
79,8,Harrison Bryant,LV,10,4 out of 5 stars,-,harrison bryant,harrison bryant,,,,,,,
80,8,Luke Farrell,JAC,12,3 out of 5 stars,-,luke farrell,luke farrell,,,,,,,
81,8,Connor Heyward,PIT,9,3 out of 5 stars,-,connor heyward,connor heyward,,,,,,,
82,8,Dallin Holker,NO,12,4 out of 5 stars,-38,dallin holker,dallin holker,,,,,,,
83,8,Charlie Woerner,ATL,12,3 out of 5 stars,-,charlie woerner,charlie woerner,,,,,,,
84,8,Tanner McLachlan,CIN,12,3 out of 5 stars,-19,tanner mclachlan,tanner mclachlan,,,,,,,
85,8,Charlie Kolar,BAL,14,3 out of 5 stars,-,charlie kolar,charlie kolar,,,,,,,
86,8,Elijah Higgins,ARI,11,5 out of 5 stars,-,elijah higgins,elijah higgins,,,,,,,
87,8,John Bates,WAS,14,2 out of 5 stars,-,john bates,john bates,,,,,,,
88,8,Peyton Hendershot,DAL,7,2 out of 5 stars,-,peyton hendershot,peyton hendershot,,,,,,,
89,8,Payne Durham,TB,11,3 out of 5 stars,-,payne durham,payne durham,,,,,,,
90,8,Drew Ogletree,IND,14,3 out of 5 stars,-,drew ogletree,drew ogletree,,,,,,,
91,9,C.J. Uzomah,PHI,5,4 out of 5 stars,-,c.j. uzomah,c.j. uzomah,,,,,,,
92,9,Stone Smartt,LAC,5,3 out of 5 stars,-,stone smartt,stone smartt,,,,,,,
93,9,Ko Kieft,TB,11,3 out of 5 stars,-,ko kieft,ko kieft,,,,,,,
94,9,Albert Okwuegbunam Jr.,PHI,5,4 out of 5 stars,-,albert okwuegbunam,albert okwuegbunam,,,,,,,
95,9,Quintin Morris,BUF,12,2 out of 5 stars,-,quintin morris,quintin morris,,,,,,,
96,9,MyCole Pruitt,PIT,9,3 out of 5 stars,-,mycole pruitt,mycole pruitt,,,,,,,
97,9,James Mitchell,DET,5,3 out of 5 stars,-,james mitchell,james mitchell,,,,,,,
98,9,Jack Stoll,NYG,11,4 out of 5 stars,-,jack stoll,jack stoll,,,,,,,
99,9,Chris Manhertz,NYG,11,4 out of 5 stars,-,chris manhertz,chris manhertz,,,,,,,
100,9,Devin Culp,TB,11,3 out of 5 stars,-,devin culp,devin culp,,,,,,,
101,9,Jesper Horsted,CAR,11,3 out of 5 stars,-,jesper horsted,jesper horsted,,,,,,,
102,9,Brayden Willis,SF,9,4 out of 5 stars,-,brayden willis,brayden willis,,,,,,,
103,9,Zack Kuntz,NYJ,12,3 out of 5 stars,-,zack kuntz,zack kuntz,,,,,,,
104,9,Kenny Yeboah,NYJ,12,3 out of 5 stars,-,kenny yeboah,kenny yeboah,,,,,,,
105,9,Grant Calcaterra,PHI,5,4 out of 5 stars,-,grant calcaterra,grant calcaterra,,,,,,,
106,9,Hunter Long,LAR,6,3 out of 5 stars,-,hunter long,hunter long,,,,,,,
107,9,Cameron Latu,SF,9,4 out of 5 stars,-61,cameron latu,cameron latu,,,,,,,
108,9,Teagan Quitoriano,HOU,14,2 out of 5 stars,-,teagan quitoriano,teagan quitoriano,,,,,,,
109,9,Ross Dwelley,ATL,12,3 out of 5 stars,-54,ross dwelley,ross dwelley,,,,,,,
110,9,Julian Hill,MIA,6,2 out of 5 stars,-,julian hill,julian hill,,,,,,,
111,9,Stephen Sullivan,CAR,11,3 out of 5 stars,-,stephen sullivan,stephen sullivan,,,,,,,
112,10,Ben Sims,GB,10,3 out of 5 stars,-,ben sims,ben sims,,,,,,,
113,10,Josiah Deguara,JAC,12,3 out of 5 stars,-,josiah deguara,josiah deguara,,,,,,,
114,10,Sean McKeon,DET,5,3 out of 5 stars,-,sean mckeon,sean mckeon,,,,,,,
115,10,Rodney Williams,PIT,9,3 out of 5 stars,-,rodney williams,rodney williams,,,,,,,
